Survived,Pclass,Sex,Age,SibSp,Parch,Fare,Embarked_Q,Embarked_S
0,3,0,-0.6076109893655364,1,0,-0.7512650407623164,False,True
1,3,1,-0.20782662247943764,0,0,-0.7002649893973995,False,True
1,1,1,0.6916882030142845,1,0,2.712960670469438,False,True
0,3,0,0.6916882030142845,0,0,-0.6908205354409335,False,True
0,3,0,-0.007934439036388284,0,0,-0.6599711710375328,True,False
0,1,0,2.590663945723253,0,0,2.619460576300424,False,True
1,3,1,-0.10788053075791296,0,2,-0.4578598563691588,False,True
1,2,1,-1.4071797231377337,1,0,0.9729749180354507,False,False
1,3,1,-2.4066406403529803,1,1,-0.03726432165348151,False,True
0,3,0,-0.8075031728085856,0,0,-0.6908205354409335,False,True
0,3,0,1.091472569900383,1,5,1.063959009670462,False,True
0,3,1,-1.4071797231377337,0,0,-0.705614328118342,False,True
1,2,0,-0.007934439036388284,0,0,-0.3168201587648771,False,True
0,3,1,0.2919038361281857,1,0,0.06095799949376567,False,True
1,3,1,-0.007934439036388284,0,0,-0.7531539315536095,False,False
0,2,0,0.6916882030142845,0,0,0.6654030527075941,False,True
1,2,0,0.5917421112927598,0,0,-0.3168201587648771,False,True
1,3,1,-1.307233631416209,0,0,-0.6923920925792895,True,False
1,1,0,-0.007934439036388284,0,0,1.3831815533990155,False,True
0,3,1,-2.0068562734668816,3,1,0.2932915668228309,False,True
1,3,1,0.9915264781788584,1,5,1.0724590182312816,False,True
0,3,0,-0.007934439036388284,0,0,-0.7531539315536095,False,False
1,3,1,-0.007934439036388284,0,0,-0.7037254373270486,True,False
0,3,0,-0.007934439036388284,0,0,-0.7024712138416299,False,True
0,1,0,1.1914186616219078,0,0,0.7954191836538886,False,False
1,3,1,-0.007934439036388284,0,0,-0.713487224936452,True,False
0,1,0,1.3913108450649572,1,0,2.6298494756525366,False,True
1,3,0,-0.007934439036388284,0,0,-0.7528365979006724,False,False
0,3,0,-0.7075570810870611,0,0,-0.6908205354409335,False,True
0,3,1,-1.0073953562516351,2,0,0.06095799949376567,False,True
1,3,1,-1.4071797231377337,1,0,-0.44966962589811144,False,False
0,3,1,1.1914186616219078,1,0,-0.5831537603372203,False,True
0,2,1,-0.10788053075791296,1,0,0.28762489444895134,False,True
0,3,0,-0.007934439036388284,0,0,-0.7024712138416299,False,False
1,2,1,-2.506586732074505,1,2,1.8424993493362036,False,False
1,3,1,-0.9074492645301103,0,0,-0.7037254373270486,True,False
0,3,0,-0.007934439036388284,0,0,-0.6908205354409335,False,True
0,3,0,-0.007934439036388284,1,0,-0.12793107963555572,True,False
1,3,1,-0.007934439036388284,0,0,-0.713487224936452,True,False
0,3,0,-0.007934439036388284,2,0,0.3389422794668055,False,False
0,3,1,-1.0073953562516351,1,0,0.04584687316342002,False,True
0,3,0,-2.1068023651884062,4,1,1.6995707609406288,False,True
0,3,0,-0.7075570810870611,0,0,-0.7097094433538655,False,True
1,2,1,0.09201165268513639,1,0,0.6654030527075941,False,True
1,1,0,-0.007934439036388284,0,0,1.3831815533990155,False,True
1,2,1,-0.7075570810870611,0,0,-0.5057092378941985,False,True
0,3,0,0.042038606824374054,0,0,-0.7528365979006724,False,False
1,2,1,-2.3066945486314556,1,2,0.7976254080981191,False,True
0,3,0,-1.7070179983023077,5,2,2.244515754228721,False,True
0,3,0,-0.6076109893655364,0,0,-0.7528365979006724,False,False
0,3,0,-2.4066406403529803,3,2,0.8089587528458783,False,True
0,1,0,-0.007934439036388284,0,0,0.7954191836538886,False,False
1,3,0,-0.007934439036388284,1,1,-0.1471373212014252,False,False
1,2,1,0.09201165268513639,0,0,-0.5057092378941985,False,True
0,3,0,-0.9074492645301103,0,0,-0.6826378605330512,False,True
1,3,1,-1.1073414479731598,4,2,-0.7002649893973995,False,True
0,3,0,-0.20782662247943764,2,0,-0.6445427110542498,False,True
0,2,0,0.3918499278497104,0,0,-0.5057092378941985,False,True
0,3,1,-1.2072875396946843,5,2,2.244515754228721,False,True
0,3,0,-0.20782662247943764,1,0,-0.20694715921693344,False,False
1,3,0,0.3918499278497104,0,0,2.9695324844323783,False,True
0,3,0,-0.3077727142009623,0,0,-0.7210427881016249,False,True
0,3,0,-0.007934439036388284,0,0,-0.7024712138416299,False,True
0,3,0,-0.007934439036388284,0,0,-0.6908205354409335,False,True
1,3,1,0.19195774440666105,0,0,-0.3564868653820346,False,True
0,3,0,-0.6076109893655364,0,0,-0.6190426853717913,False,True
1,3,0,0.09201165268513639,0,0,-0.581264869545927,False,True
1,3,1,-0.007934439036388284,0,0,-0.7106538887495123,True,False
0,1,0,-0.007934439036388284,0,0,2.259626880559067,False,True
1,2,1,-1.1073414479731598,0,0,-0.5057092378941985,False,True
1,3,1,0.4917960195712351,3,0,-0.10148660855745076,False,True
0,3,0,-1.2072875396946843,1,3,1.2981814677908208,False,True
0,3,0,-0.007934439036388284,0,0,-0.6908205354409335,False,True
0,3,0,-0.407718805922487,0,0,-0.6908205354409335,False,True
0,3,0,0.09201165268513639,0,0,-0.6908205354409335,False,True
0,3,0,-0.8075031728085856,0,0,-0.705614328118342,False,True
0,1,0,1.791095211951056,1,0,3.323072396057146,False,True
0,3,0,-0.20782662247943764,1,2,0.25551375099696666,False,True
0,3,0,-0.007934439036388284,0,0,-0.6908205354409335,False,True
1,2,1,0.5917421112927598,0,1,0.4387361577524085,False,True
0,2,0,0.5917421112927598,1,0,0.6654030527075941,False,True
0,3,1,-0.007934439036388284,0,0,-0.7024712138416299,False,True
0,3,0,-0.007934439036388284,0,0,-0.7024712138416299,False,True
0,3,0,0.4917960195712351,0,0,-0.6451698227969591,False,True
0,3,0,0.8915803864573337,2,0,-0.7002649893973995,False,True
0,3,0,-0.007934439036388284,0,0,-0.7024712138416299,False,True
1,3,1,-0.7075570810870611,0,0,-0.7210427881016249,False,True
1,3,0,-0.007934439036388284,0,0,-0.7115983341451588,False,True
0,3,0,0.9915264781788584,0,0,-0.7024712138416299,False,True
1,3,1,-0.007934439036388284,1,0,0.5256251341518962,True,False
0,1,0,1.8910413036725806,0,0,2.6298494756525366,False,True
0,3,1,-1.3572066772769713,1,0,-0.20694715921693344,False,False
0,3,0,-0.6076109893655364,0,0,-0.6908205354409335,False,True
0,3,1,-0.8075031728085856,1,0,-0.5567092892591153,False,True
0,3,1,-1.1073414479731598,0,0,-0.2066373811271614,False,False
0,3,0,-0.7075570810870611,0,0,-0.7002649893973995,False,True
0,2,0,0.09201165268513639,1,0,0.28762489444895134,False,True
0,3,0,-0.007934439036388284,0,0,-0.6908205354409335,False,True
0,2,0,0.44182297371047274,1,0,0.9729749180354507,False,False
1,2,1,0.44182297371047274,0,0,-0.3168201587648771,False,True
1,3,0,-1.607071906580783,1,0,-0.44966962589811144,False,False
0,3,0,-0.007934439036388284,0,0,-0.713487224936452,True,False
1,3,0,-0.407718805922487,0,0,-0.7594477156701985,False,True
1,3,1,-0.007934439036388284,1,1,0.39025210892149426,False,False
0,3,0,1.6911491202295312,0,0,-0.7720428394665417,False,True
0,3,0,0.4917960195712351,0,0,-0.7024712138416299,False,False
0,3,0,-0.8075031728085856,0,0,-0.766376167092662,False,True
0,3,1,1.8910413036725806,1,0,-0.2034867112872843,False,True
1,2,1,0.09201165268513639,1,0,0.6654030527075941,False,True
0,2,0,-0.3077727142009623,0,0,-0.3168201587648771,False,True
0,2,0,-0.5076648976440117,0,0,-0.16224844753177084,False,False
1,1,1,-0.9074492645301103,0,2,0.6868079631545289,False,True
0,1,0,0.8915803864573337,1,0,2.712960670469438,False,True
0,3,0,-1.2072875396946843,0,0,-0.6026697799928619,False,True
0,3,1,-0.007934439036388284,0,2,-0.1471373212014252,False,False
1,3,1,-0.6076109893655364,0,0,-0.713487224936452,False,True
1,3,1,-0.407718805922487,1,0,-0.10148660855745076,False,True
0,3,0,-0.9074492645301103,0,0,-0.7890428565881806,True,False
0,2,0,-1.0073953562516351,0,0,-0.43015360624246995,False,True
0,2,0,-0.9074492645301103,1,1,1.4776260929636762,False,True
1,3,0,-0.10788053075791296,0,0,-0.710026777006803,False,True
0,3,1,-1.906910181745357,2,2,1.2981814677908208,False,True
0,2,0,0.8416073405965715,0,2,0.6654030527075941,False,True
0,2,0,1.3913108450649572,0,0,-0.3168201587648771,False,True
0,2,0,2.290825670558679,0,0,-0.35270908379944815,False,True
0,3,0,1.2413917074826701,0,2,-0.2034867112872843,False,True
0,3,0,-0.007934439036388284,0,0,-0.7465428137840833,False,True
0,1,0,2.290825670558679,0,1,3.338500856040429,False,False
1,3,1,-1.2072875396946843,0,0,-0.7147490039850359,True,False
0,3,0,0.19195774440666105,0,0,-0.6908205354409335,False,True
0,3,0,-0.007934439036388284,0,0,-0.6445427110542498,False,True
0,3,0,1.5912030285080065,0,1,-0.08259770064451848,False,True
1,2,1,1.1914186616219078,0,0,-0.10904217172262358,False,True
0,3,0,-0.20782662247943764,0,0,-0.7115983341451588,False,True
0,3,0,-1.1073414479731598,0,0,-0.6445427110542498,False,True
1,3,0,-1.906910181745357,0,2,0.2517359694143802,False,True
1,1,1,-0.007934439036388284,0,1,2.8565163706077223,False,True
0,3,1,1.6911491202295312,1,4,0.8089587528458783,False,True
0,1,0,-0.007934439036388284,0,0,0.6597363803337145,False,True
0,3,0,-0.007934439036388284,0,0,2.9695324844323783,False,True
0,3,0,-2.4066406403529803,4,1,0.9015144016192459,True,False
0,3,0,-0.7075570810870611,0,0,-0.7002649893973995,False,True
0,3,0,-1.0073953562516351,1,1,-0.705614328118342,False,True
0,3,0,-0.007934439036388284,3,1,0.6251092343477272,False,True
0,1,1,2.1908795788371545,0,0,0.8703477035629077,False,False
0,2,0,0.19195774440666105,0,0,-0.3168201587648771,False,True
0,3,0,0.7916342947358092,0,0,-1.2990433702373483,False,True
0,2,0,-0.007934439036388284,0,0,-0.16193111387883352,False,False
0,3,0,-1.906910181745357,4,2,1.0724590182312816,False,True
1,3,1,-2.4066406403529803,0,2,0.36506941689197303,False,True
0,1,0,-0.007934439036388284,0,0,2.4787382123490795,False,True
1,3,1,-0.007934439036388284,1,0,-0.12793107963555572,True,False
1,1,0,1.6911491202295312,0,0,0.7069586501160449,False,True
0,3,0,1.1914186616219078,1,1,-0.12793107963555572,True,False
0,3,0,0.7916342947358092,0,0,-0.7024712138416299,False,True
1,2,1,0.3918499278497104,0,0,-0.3168201587648771,False,True
0,2,0,-0.9074492645301103,0,0,-0.3168201587648771,False,True
1,3,1,-0.9074492645301103,1,0,-0.705614328118342,False,True
1,2,0,-2.506586732074505,1,1,0.6654030527075941,False,True
1,1,1,1.5912030285080065,0,0,0.7954191836538886,False,False
0,3,0,-0.007934439036388284,0,0,-0.713487224936452,True,False
0,3,0,1.3913108450649572,0,1,-0.6640587307098913,False,True
1,3,1,-0.007934439036388284,0,0,-0.713487224936452,True,False
0,2,1,-0.407718805922487,0,0,-0.3168201587648771,False,True
0,3,0,-0.007934439036388284,0,0,-0.581264869545927,False,True
0,3,0,0.5917421112927598,0,0,-0.8082490981540501,False,True
0,3,0,1.7411221660902936,0,0,-0.7531539315536095,False,False
1,3,0,-1.0073953562516351,0,0,-0.6908205354409335,False,True
0,3,0,0.3918499278497104,1,0,-0.10148660855745076,False,True
1,3,0,-0.20782662247943764,0,0,0.12045805941950202,False,False
1,3,1,-1.2072875396946843,0,0,-0.713487224936452,True,False
1,1,0,1.1914186616219078,0,0,1.0431812109662368,False,False
0,3,0,-0.407718805922487,0,0,-0.766376167092662,False,True
1,2,1,0.6916882030142845,0,0,0.28762489444895134,False,True
0,3,0,-0.6076109893655364,0,0,-0.7512650407623164,False,True
0,2,0,0.19195774440666105,0,0,-0.3168201587648771,False,True
0,3,0,-0.007934439036388284,1,0,-0.713487224936452,True,False
1,3,1,-0.10788053075791296,0,0,-0.7002649893973995,False,True
0,2,0,1.3913108450649572,1,0,0.7409586843593227,False,True
0,2,0,0.19195774440666105,0,0,-0.5057092378941985,False,True
1,3,0,-1.2072875396946843,0,0,-0.6908205354409335,False,True
0,2,0,-0.10788053075791296,0,0,-0.3168201587648771,False,True
0,3,0,2.290825670558679,0,0,-0.6908205354409335,False,True
0,3,0,-0.007934439036388284,0,0,-0.7024712138416299,False,True
0,3,0,-0.6076109893655364,0,0,-0.5925982142936864,False,True
1,2,0,-0.9074492645301103,0,0,-0.5057092378941985,False,True
0,3,0,-0.7575301269478233,0,0,-0.7512650407623164,False,True
0,2,0,-1.0073953562516351,0,0,-0.3168201587648771,False,True
0,3,1,-0.007934439036388284,3,1,0.6251092343477272,False,True
0,3,0,0.09201165268513639,0,0,-0.7115983341451588,False,True
1,3,1,-2.3066945486314556,4,2,1.0724590182312816,False,True
0,2,0,-0.407718805922487,0,0,-0.5057092378941985,False,True
0,3,1,-0.007934439036388284,0,0,-0.7285983512667977,False,True
0,2,0,1.5912030285080065,1,0,0.6654030527075941,False,True
1,2,1,-2.0068562734668816,0,2,0.6842919606205263,False,True
0,2,0,-0.9074492645301103,0,0,-0.5057092378941985,False,True
0,2,0,0.4917960195712351,0,0,-0.3715979917123803,False,True
0,3,1,-0.007934439036388284,1,0,-0.20694715921693344,False,False
1,3,1,-0.007934439036388284,1,0,-0.12793107963555572,True,False
0,2,0,0.09201165268513639,0,0,-0.5057092378941985,False,True
0,3,0,-0.6076109893655364,0,0,-0.7607094947187824,False,True
0,3,0,0.19195774440666105,0,0,-0.7531539315536095,False,False
0,3,1,-0.3077727142009623,0,0,-0.7115983341451588,False,True
1,2,1,-0.407718805922487,0,2,-0.2034867112872843,False,True
1,1,0,0.8915803864573337,1,1,2.6717224067139247,False,True
0,2,0,2.590663945723253,1,0,0.6654030527075941,False,True
0,3,0,-0.007934439036388284,0,0,-0.7512650407623164,False,True
0,3,1,0.09201165268513639,1,1,-0.5085425740811383,False,True
0,3,0,0.19195774440666105,1,0,-0.08259770064451848,False,True
0,3,1,1.2913647533434325,0,2,0.228124834523215,False,True
1,3,1,0.09201165268513639,0,2,-0.1471373212014252,False,False
1,2,1,2.1908795788371545,0,1,0.6654030527075941,False,True
0,3,0,-0.007934439036388284,0,0,-0.713487224936452,True,False
1,3,0,-2.506586732074505,4,2,1.0724590182312816,False,True
0,1,0,1.1914186616219078,0,0,-1.2990433702373483,False,True
0,3,1,-0.007934439036388284,0,0,-0.713487224936452,True,False
0,2,0,0.7916342947358092,0,0,-0.5057092378941985,False,True
0,3,0,-1.2072875396946843,4,1,1.6995707609406288,False,True
1,3,0,-0.3077727142009623,1,0,-0.7115983341451588,False,True
0,1,0,-0.007934439036388284,0,0,1.0431812109662368,False,True
1,3,0,-0.3077727142009623,0,0,-1.2990433702373483,False,True
1,2,1,1.2913647533434325,0,1,0.1742914469713585,False,True
0,1,0,0.8915803864573337,0,1,0.9449588898189898,False,False
1,3,1,-0.007934439036388284,0,0,-0.713487224936452,True,False
0,3,1,1.6911491202295312,0,0,-0.713487224936452,False,True
0,2,0,-0.007934439036388284,0,0,-1.2990433702373483,False,True
0,3,0,-2.1068023651884062,4,1,0.9015144016192459,True,False
1,3,1,0.6916882030142845,1,1,0.23095817071015493,False,True
0,3,0,-0.007934439036388284,0,0,-0.705614328118342,False,True
0,3,0,-1.2072875396946843,0,0,-0.581264869545927,False,True
1,3,0,-0.9074492645301103,0,0,-0.6908205354409335,False,True
0,1,0,-0.007934439036388284,0,0,0.6654030527075941,False,True
0,3,0,0.4917960195712351,0,0,-0.6445427110542498,False,False
1,3,0,0.19195774440666105,0,0,-0.581264869545927,False,True
0,3,0,-0.6076109893655364,0,0,-0.7024712138416299,False,True
1,2,0,1.3913108450649572,0,0,-0.3168201587648771,False,True
1,3,1,-0.6076109893655364,0,0,-0.713487224936452,True,False
0,2,0,0.7916342947358092,0,0,-0.32626461272134316,False,False
0,3,1,-0.407718805922487,0,0,-0.6303760301195507,False,True
0,3,0,-0.407718805922487,0,0,-0.7024712138416299,False,True
0,1,0,-0.007934439036388284,0,0,0.7954191836538886,False,False
0,3,0,-0.45769185178324934,0,0,-0.7528365979006724,False,False
1,1,0,-0.007934439036388284,0,0,1.0054033951403727,False,True
1,3,1,-0.007934439036388284,0,0,-0.713487224936452,True,False
1,3,0,-0.007934439036388284,2,0,0.4576250656653406,True,False
0,3,0,-0.9074492645301103,0,0,-1.2990433702373483,False,True
1,2,1,-0.007934439036388284,0,0,-0.3659313193385007,True,False
0,3,0,-0.007934439036388284,0,0,-0.6908205354409335,False,True
0,2,0,0.19195774440666105,1,0,0.514291789404137,False,False
1,1,1,0.19195774440666105,0,0,3.002278295190237,False,False
0,2,1,-0.20782662247943764,1,1,0.6654030527075941,False,True
0,3,0,-0.007934439036388284,0,0,-0.7024712138416299,False,True
0,2,0,1.4912569367864819,1,1,0.6842919606205263,False,True
1,3,1,-0.20782662247943764,0,0,-0.705614328118342,False,True
1,2,1,-0.407718805922487,1,0,0.6654030527075941,False,True
0,2,0,2.590663945723253,0,0,-0.24126452711314855,False,True
0,3,0,-0.6076109893655364,0,0,-0.7512650407623164,False,True
0,3,0,-0.10788053075791296,0,0,-0.7024712138416299,False,True
1,2,1,0.19195774440666105,0,0,-0.3659313193385007,True,False
1,2,1,-0.6076109893655364,1,1,0.8920699476627798,False,True
1,2,1,0.7916342947358092,0,0,-0.3168201587648771,False,True
1,3,1,0.2919038361281857,1,1,0.2517359694143802,False,True
1,1,1,-1.2072875396946843,0,1,3.081611708424552,False,False
1,3,1,-0.007934439036388284,2,0,0.4576250656653406,True,False
0,1,0,1.7411221660902936,0,0,0.8542921318369155,False,True
0,3,0,-1.2072875396946843,2,0,0.06095799949376567,False,True
0,3,0,-0.007934439036388284,0,0,-0.7024712138416299,False,True
1,3,0,1.6911491202295312,0,0,-0.6908205354409335,False,True
0,1,0,1.6911491202295312,0,0,1.3831815533990155,False,True
0,2,0,-0.007934439036388284,0,0,-0.3168201587648771,False,True
0,2,0,-0.3077727142009623,0,0,-0.3168201587648771,False,True
0,2,0,0.7916342947358092,0,0,-0.3168201587648771,False,True
1,2,1,-0.407718805922487,0,0,-0.3168201587648771,False,True
1,2,1,1.1914186616219078,0,0,-0.3168201587648771,False,True
1,3,1,-0.007934439036388284,1,0,-0.08259770064451848,False,True
1,3,0,-2.506586732074505,1,1,-0.09770882697486427,False,True
0,3,0,1.3913108450649572,0,0,-0.6445427110542498,False,True
0,3,0,-0.5076648976440117,0,0,-0.6020426682501524,False,True
0,1,0,-0.007934439036388284,0,0,1.3454037375731511,False,True
0,3,0,-1.307233631416209,1,1,-0.7528365979006724,False,False
0,3,0,-0.3077727142009623,1,0,0.04584687316342002,False,True
0,3,0,-0.007934439036388284,0,0,-0.7531539315536095,False,False
0,3,0,-0.007934439036388284,0,0,-0.581264869545927,False,True
1,1,1,-0.6076109893655364,0,1,2.8565163706077223,False,True
0,2,1,0.9915264781788584,0,0,-0.3168201587648771,False,True
1,3,1,-0.007934439036388284,0,0,-0.7037254373270486,True,False
1,3,1,-0.007934439036388284,0,0,-0.7037254373270486,True,False
0,3,0,1.1914186616219078,1,4,0.8089587528458783,False,True
0,2,0,0.09201165268513639,1,0,0.7954191836538886,False,False
0,3,1,1.6911491202295312,0,1,-0.20694715921693344,False,False
0,3,0,0.6916882030142845,0,0,-0.766376167092662,False,True
0,3,0,-0.007934439036388284,1,0,-0.12793107963555572,True,False
0,3,0,0.19195774440666105,0,0,-0.7512650407623164,False,True
1,3,1,-0.007934439036388284,0,0,-0.7528365979006724,False,False
1,3,1,-0.007934439036388284,0,0,-0.713487224936452,True,False
1,1,0,-0.3077727142009623,1,0,2.8898892931082907,False,False
0,3,0,-1.0073953562516351,1,0,-0.8082490981540501,False,True
0,3,0,-0.9074492645301103,0,0,-0.6908205354409335,False,True
0,3,1,-2.506586732074505,3,1,0.2932915668228309,False,True
1,3,1,-0.6076109893655364,0,0,-0.7512650407623164,False,True
0,3,0,-0.8075031728085856,0,0,-0.9958763982347876,False,False
0,3,0,-0.9074492645301103,0,0,-0.7115983341451588,False,True
0,3,0,0.3918499278497104,0,0,-0.7002649893973995,False,True
1,1,1,0.6916882030142845,1,0,2.6298494756525366,False,True
0,3,0,-0.007934439036388284,0,0,-0.7024712138416299,False,True
1,2,1,0.7916342947358092,0,0,-0.3168201587648771,False,True
0,3,0,-0.007934439036388284,0,0,-0.7150587820748081,True,False
1,2,1,-1.1073414479731598,0,0,-0.3923757904166057,False,False
1,3,0,-0.7075570810870611,0,0,-0.710026777006803,False,True
0,3,0,-0.007934439036388284,2,0,-0.7002649893973995,False,True
1,3,1,-0.407718805922487,0,2,-0.03726432165348151,False,True
0,3,0,-0.6076109893655364,0,0,-0.710026777006803,False,True
0,3,1,0.2919038361281857,0,0,-0.705614328118342,False,True
0,2,0,1.791095211951056,0,0,0.6654030527075941,False,True
0,2,0,-0.5076648976440117,0,0,-0.5057092378941985,False,True
1,2,1,-0.007934439036388284,0,0,-0.34326462984298206,False,True
1,3,0,1.091472569900383,0,0,-0.7002649893973995,False,True
0,3,0,-0.20782662247943764,0,0,-0.6908205354409335,False,True
0,3,1,-0.7075570810870611,1,0,-0.5567092892591153,False,True
0,3,0,-0.007934439036388284,1,0,-0.10148660855745076,False,True
0,3,1,-0.8075031728085856,0,0,-0.6445427110542498,False,True
0,2,0,0.5917421112927598,1,0,0.28762489444895134,False,True
0,3,0,2.290825670558679,0,0,-0.713487224936452,False,True
1,2,0,-2.506586732074505,1,1,0.1176247232325621,False,True
0,3,0,-0.7075570810870611,0,0,-0.7115983341451588,False,True
0,3,1,-0.007934439036388284,3,1,0.6251092343477272,False,True
0,3,0,-0.007934439036388284,0,0,-0.7024712138416299,False,True
0,3,0,-0.007934439036388284,0,0,-0.7808601816802985,True,False
0,2,0,-0.007934439036388284,0,0,-1.2990433702373483,False,True
1,3,0,1.5912030285080065,0,0,-0.7002649893973995,False,True
0,3,1,-0.007934439036388284,0,0,-0.6908205354409335,False,True
1,2,1,0.5917421112927598,1,1,1.1565146584438297,False,True
1,2,1,-1.0073953562516351,0,2,-0.3168201587648771,False,True
0,2,0,0.19195774440666105,0,0,-0.3168201587648771,False,True
0,3,1,-1.8069640900238324,0,2,0.5256251341518962,False,True
0,3,0,-0.007934439036388284,0,0,-0.7024712138416299,False,False
0,3,0,-0.7075570810870611,0,0,-0.7147490039850359,True,False
0,3,0,0.09201165268513639,0,0,-0.704042770979986,False,True
0,3,1,-0.007934439036388284,1,1,-0.2110422744524571,False,True
0,3,0,-1.0073953562516351,1,1,0.228124834523215,False,True
0,3,0,-0.007934439036388284,0,0,-0.7512650407623164,False,True
1,2,1,-0.007934439036388284,1,0,0.6654030527075941,False,True
1,2,1,-0.9074492645301103,0,0,0.6654030527075941,False,True
0,3,0,-0.007934439036388284,0,0,-0.713487224936452,True,False
1,3,0,0.3918499278497104,0,0,-0.6908205354409335,False,True
1,1,0,-0.007934439036388284,0,0,0.7069586501160449,False,True
1,3,1,-0.007934439036388284,1,0,-0.08259770064451848,False,True
1,2,1,1.3913108450649572,1,0,0.6654030527075941,False,True
0,3,0,-1.1073414479731598,0,0,-0.7607094947187824,False,True
0,1,0,2.1908795788371545,1,0,2.924516439094278,False,True
0,3,1,-0.7075570810870611,2,2,1.2981814677908208,False,True
1,2,1,-0.407718805922487,2,3,0.1176247232325621,False,True
0,2,0,0.2919038361281857,0,0,-0.5057092378941985,False,True
1,2,1,1.6911491202295312,1,1,0.6842919606205263,False,True
0,3,0,-0.8075031728085856,0,0,-0.581264869545927,False,True
0,3,0,-0.3077727142009623,1,0,-0.7115983341451588,False,True
1,2,1,-0.007934439036388284,0,0,-0.3168201587648771,False,True
1,3,0,-0.007934439036388284,0,0,-0.6860983084627004,False,True
1,2,1,-1.5071258148592583,0,1,0.1742914469713585,False,True
1,1,0,0.5917421112927598,0,0,0.7069586501160449,False,True
1,3,1,-2.3066945486314556,2,1,0.1560296508011356,False,False
1,1,0,2.390771762280204,0,0,1.0054033951403727,False,True
0,2,0,0.7916342947358092,1,2,0.7976254080981191,False,True
0,3,0,-0.007934439036388284,1,0,0.2095532602632202,False,True
0,1,0,0.19195774440666105,0,0,0.7976254080981191,False,False
0,3,0,-0.007934439036388284,0,0,-0.6908205354409335,False,True
1,3,0,0.09201165268513639,0,0,-0.7024712138416299,False,False
1,1,1,-0.007934439036388284,1,0,2.619460576300424,False,True
1,2,1,2.1908795788371545,0,0,-0.5057092378941985,False,True
0,3,0,-0.007934439036388284,0,0,-0.713487224936452,True,False
1,1,0,1.9909873953941053,0,0,0.7069586501160449,False,True
0,3,0,0.5917421112927598,0,0,-0.6908205354409335,False,True
0,1,0,1.8910413036725806,0,0,1.609848448354201,False,True
0,2,0,1.9909873953941053,0,0,-0.3168201587648771,False,True
0,3,0,-0.007934439036388284,0,0,-0.6908205354409335,False,True
0,3,0,0.9915264781788584,0,0,-0.766376167092662,False,True
0,2,0,-0.007934439036388284,0,0,-1.2990433702373483,False,True
0,3,0,-0.007934439036388284,0,0,-0.7153761157277453,True,False
0,3,0,-0.007934439036388284,0,0,-0.7512650407623164,False,True
0,3,0,0.9915264781788584,0,0,-0.6445427110542498,False,True
1,2,1,0.4917960195712351,1,2,0.7976254080981191,False,True
1,2,1,-0.5076648976440117,0,0,-0.2570027651862036,False,False
0,3,1,-0.6076109893655364,0,0,-0.5557648438634687,False,True
0,1,0,-0.007934439036388284,0,0,2.6298494756525366,False,True
0,2,0,0.5917421112927598,1,0,0.28762489444895134,False,True
0,3,0,0.09201165268513639,1,0,-0.7666935007455993,False,True
0,3,0,-0.6076109893655364,0,0,-0.7308045757110282,False,True
0,3,0,-1.906910181745357,5,2,2.244515754228721,False,True
0,2,0,-0.007934439036388284,0,0,-1.2990433702373483,False,True
0,3,0,2.1908795788371545,0,0,-0.6908205354409335,False,True
0,3,1,-0.007934439036388284,3,1,0.6251092343477272,False,True
0,3,0,0.19195774440666105,0,0,-0.6908205354409335,False,True
1,3,0,-1.906910181745357,1,1,-0.09770882697486427,False,True
0,3,0,-0.007934439036388284,1,0,0.2095532602632202,False,True
0,3,0,-0.7075570810870611,0,0,-0.7512650407623164,False,True
0,3,0,-0.7075570810870611,0,0,-0.6908205354409335,False,True
0,3,0,-0.007934439036388284,0,0,-0.2066373811271614,False,False
0,3,0,-0.007934439036388284,0,0,-0.15815333229624717,False,True
0,3,0,-0.407718805922487,0,0,-0.710026777006803,False,True
0,3,0,-1.1073414479731598,0,0,-0.6445427110542498,False,True
0,3,1,-0.7075570810870611,0,0,-0.713487224936452,True,False
0,3,1,-0.007934439036388284,0,0,-0.7226143452399808,True,False
0,3,1,0.8915803864573337,0,0,-0.5746537517764008,False,True
1,2,1,0.4917960195712351,0,2,0.6654030527075941,False,True
1,1,0,-0.007934439036388284,0,0,0.7069586501160449,False,True
0,3,0,-0.007934439036388284,0,0,0.4028472327178373,False,True
1,3,0,-0.20782662247943764,0,0,2.9695324844323783,False,True
1,3,0,0.09201165268513639,0,0,-0.713487224936452,True,False
0,3,0,-0.007934439036388284,0,0,-0.6908205354409335,False,True
1,1,0,0.7916342947358092,0,0,0.6871252968074663,False,True
1,1,1,2.590663945723253,1,0,3.188961149875328,False,False
0,3,0,-0.407718805922487,0,0,-0.7326934665023215,False,True
0,1,0,1.8910413036725806,0,0,1.2714196630597787,False,True
1,2,1,0.5917421112927598,0,0,-0.5057092378941985,False,True
0,3,0,-0.007934439036388284,0,0,0.5256251341518962,True,False
1,2,1,0.7916342947358092,1,0,0.6654030527075941,False,True
0,3,0,0.3918499278497104,0,0,-0.7024712138416299,False,True
0,3,0,-0.6076109893655364,0,0,-0.7024712138416299,False,True
0,3,0,-0.007934439036388284,0,0,-0.7531539315536095,False,False
1,1,1,1.5912030285080065,0,1,3.081611708424552,False,False
0,3,0,-0.007934439036388284,0,0,-0.7528365979006724,False,False
0,3,0,1.2413917074826701,0,0,-0.713487224936452,True,False
1,2,1,2.1908795788371545,0,0,-0.5057092378941985,False,True
0,3,0,1.091472569900383,0,0,-0.7002649893973995,False,True
0,2,0,-0.5076648976440117,2,1,-0.43015360624246995,False,True
0,3,0,-0.007934439036388284,0,0,-0.7528365979006724,False,False
0,3,0,-1.1073414479731598,1,1,-0.7528365979006724,False,False
1,3,1,-0.007934439036388284,0,2,0.39025210892149426,False,False
0,3,1,0.19195774440666105,0,0,-0.6445427110542498,False,True
1,2,1,-2.1068023651884062,0,2,0.6842919606205263,False,True
0,1,0,1.6911491202295312,0,0,0.7069586501160449,False,True
0,3,0,-0.007934439036388284,0,0,-0.2034867112872843,False,True
1,1,1,-0.6076109893655364,0,2,2.440960396523215,False,False
0,3,1,-1.906910181745357,4,2,1.063959009670462,False,True
0,3,1,-1.7070179983023077,4,2,1.063959009670462,False,True
1,2,0,0.3918499278497104,1,0,0.6654030527075941,False,True
1,2,1,-0.9074492645301103,1,0,0.6654030527075941,False,True
1,2,0,-0.007934439036388284,0,0,-0.2516534264652612,False,False
0,3,0,0.4917960195712351,1,1,0.2517359694143802,False,True
1,2,0,-2.0068562734668816,1,1,1.4776260929636762,False,True
0,2,0,-0.10788053075791296,0,0,0.6654030527075941,False,True
0,3,0,-0.007934439036388284,0,0,-0.7075032189096352,True,False
1,3,0,-0.6076109893655364,0,0,-0.7531539315536095,False,False
1,3,1,-0.6076109893655364,0,0,-0.7115983341451588,False,True
1,1,1,1.9909873953941053,1,0,1.6929596431711027,False,False
1,3,1,0.7916342947358092,1,0,0.015624620502728429,False,True
0,3,0,-0.007934439036388284,0,0,-0.713487224936452,True,False
0,3,0,1.1914186616219078,0,0,-0.7024712138416299,False,True
0,2,0,-0.007934439036388284,0,0,-0.27904234293901287,False,True
0,3,0,-0.007934439036388284,0,0,-0.6908205354409335,False,True
0,3,1,-0.007934439036388284,0,0,-0.6908205354409335,False,True
0,3,0,-0.407718805922487,2,0,0.5256251341518962,False,True
0,3,0,-0.9074492645301103,0,0,-0.7024712138416299,False,True
0,3,1,0.09201165268513639,0,4,0.2932915668228309,False,True
0,3,0,-0.007934439036388284,0,0,-0.7528365979006724,False,False
1,3,0,0.3918499278497104,0,0,-0.705614328118342,False,True
1,1,1,2.4907178540017285,2,0,2.590500102688316,False,True
1,1,0,0.7916342947358092,0,0,0.694680859972639,False,True
1,3,1,-0.007934439036388284,0,0,-0.713487224936452,True,False
0,3,0,-1.2072875396946843,0,0,-0.6908205354409335,False,True
0,3,0,-0.9074492645301103,0,0,-0.2034867112872843,False,True
1,2,1,0.5917421112927598,0,0,-0.3168201587648771,False,True
1,1,1,1.091472569900383,1,0,2.924516439094278,False,True
0,3,1,-0.007934439036388284,1,0,-0.2066373811271614,False,False
1,3,0,0.3918499278497104,0,0,-0.7002649893973995,False,True
1,2,1,-0.3077727142009623,1,1,0.9676255793145083,False,True
0,2,0,2.590663945723253,0,0,0.6654030527075941,False,True
0,1,0,0.7916342947358092,0,0,1.73262634978826,False,False
0,3,0,-0.007934439036388284,0,0,-0.6407649294716633,False,False
0,2,0,1.8910413036725806,0,0,-0.16570889546142,False,True
0,3,0,-0.6076109893655364,0,0,-0.6908205354409335,False,True
0,3,0,-0.007934439036388284,0,0,-0.6908205354409335,False,True
0,3,0,0.6916882030142845,0,0,-0.7607094947187824,False,True
0,3,0,1.8910413036725806,0,0,-0.7512650407623164,False,True
0,3,1,-0.007934439036388284,0,2,-0.713487224936452,True,False
0,2,0,0.8915803864573337,1,0,0.6654030527075941,False,True
0,3,0,0.7916342947358092,1,1,0.5256251341518962,False,True
1,2,1,-0.007934439036388284,0,0,1.194292474269694,False,True
0,3,0,2.0909334871156298,0,0,-1.2990433702373483,False,True
0,3,0,-0.007934439036388284,0,0,-0.7531539315536095,False,False
1,1,0,2.0909334871156298,1,0,3.002278295190237,False,False
1,2,1,-0.407718805922487,2,1,0.7409586843593227,False,True
0,3,0,-0.007934439036388284,0,0,-0.7024712138416299,False,True
0,1,0,-0.007934439036388284,0,0,1.9045154117959424,False,True
0,3,0,1.5912030285080065,0,0,-0.6908205354409335,False,True
1,1,0,0.6916882030142845,0,0,0.7069586501160449,False,False
0,3,0,0.7916342947358092,1,0,-0.12415329805296924,False,True
0,3,0,0.19195774440666105,0,0,-0.7024712138416299,False,True
1,1,0,-0.10788053075791296,0,0,1.0054033951403727,False,True
1,2,1,-0.6076109893655364,1,2,1.8424993493362036,False,False
0,3,1,1.091472569900383,1,5,1.063959009670462,False,True
0,3,0,-0.007934439036388284,0,0,-0.766376167092662,False,True
1,3,1,-0.007934439036388284,1,0,-0.12793107963555572,True,False
0,3,0,-0.007934439036388284,0,0,-0.713487224936452,True,False
0,3,0,0.6916882030142845,0,0,-0.6908205354409335,False,True
0,3,0,0.5917421112927598,1,1,-0.2110422744524571,False,True
0,3,1,-0.20782662247943764,1,0,-0.08259770064451848,False,True
1,2,1,-2.4066406403529803,2,1,1.6476262641800654,False,True
0,2,0,-0.20782662247943764,0,0,-0.5057092378941985,False,True
0,3,0,-0.10788053075791296,1,0,-0.20694715921693344,False,False
1,1,0,1.3913108450649572,1,0,2.6717224067139247,False,True
1,3,0,-0.8075031728085856,1,1,-0.10966928346533295,False,False
0,3,0,-0.7075570810870611,0,0,-0.705614328118342,False,True
0,3,0,-0.7075570810870611,0,0,-0.08259770064451848,False,True
0,3,0,-0.20782662247943764,0,0,-0.7024712138416299,False,True
0,3,0,-0.007934439036388284,0,0,-0.7147490039850359,True,False
0,3,0,2.290825670558679,0,0,-0.7660588334397248,False,True
1,1,0,0.3918499278497104,0,0,1.0054033951403727,False,False
0,1,0,-0.007934439036388284,0,0,-1.2990433702373483,False,True
0,3,1,-1.906910181745357,3,2,0.8089587528458783,False,True
1,2,1,-0.007934439036388284,0,0,-0.3168201587648771,False,True
0,3,0,0.3918499278497104,0,0,-0.7002649893973995,False,True
0,2,0,0.2919038361281857,1,1,0.6842919606205263,False,True
0,3,1,1.2913647533434325,0,5,1.6995707609406288,False,True
0,3,0,-0.007934439036388284,1,0,-0.08259770064451848,False,True
0,3,0,-0.8075031728085856,0,0,-0.705614328118342,False,True
1,3,0,-0.007934439036388284,0,0,2.9695324844323783,False,True
0,3,0,-0.9074492645301103,0,0,-0.7024712138416299,False,True
0,3,0,-0.007934439036388284,0,0,-0.7285983512667977,False,True
1,3,1,-0.5076648976440117,0,0,-0.7285983512667977,False,True
0,3,0,-0.007934439036388284,0,0,-0.7024712138416299,False,True
1,2,1,-1.0073953562516351,0,1,0.4387361577524085,False,True
0,3,0,-0.7075570810870611,0,0,-0.661860061828826,False,True
1,3,1,-0.007934439036388284,0,0,-0.7075032189096352,True,False
0,3,1,-1.0073953562516351,0,0,-0.7890428565881806,True,False
0,3,0,-0.007934439036388284,0,0,-0.7024712138416299,False,True
0,3,1,0.3918499278497104,1,1,-0.12793107963555572,True,False
0,2,0,-0.5076648976440117,0,0,-0.3168201587648771,False,True
0,3,0,1.1914186616219078,0,0,-0.7531539315536095,False,False
0,1,0,1.8910413036725806,0,0,0.634236354651256,False,True
0,3,0,0.7916342947358092,0,0,-0.7326934665023215,False,True
1,3,0,-0.8075031728085856,1,0,-0.7002649893973995,False,True
0,2,0,-0.3077727142009623,0,0,-0.3168201587648771,False,True
0,3,0,-0.007934439036388284,0,0,-0.7115983341451588,False,True
0,3,0,1.4912569367864819,0,0,-0.6908205354409335,False,True
1,1,1,-0.007934439036388284,1,0,2.6298494756525366,False,True
1,2,1,1.1914186616219078,1,1,1.6476262641800654,False,True
0,1,0,0.2919038361281857,1,0,2.6298494756525366,False,True
1,2,0,0.2919038361281857,0,0,-0.3168201587648771,False,True
0,2,0,-0.007934439036388284,0,0,-1.2990433702373483,False,True
0,3,0,-1.0073953562516351,0,0,-0.7115983341451588,False,True
0,3,0,-0.35774576006172465,0,0,-0.6908205354409335,False,True
1,3,1,-1.0073953562516351,0,0,-0.5554475102105315,False,True
0,3,1,1.4912569367864819,1,6,2.244515754228721,False,True
0,3,1,-0.007934439036388284,0,0,-0.6842094176714073,True,False
0,3,0,-0.8075031728085856,0,0,-0.6020426682501524,False,True
0,3,0,-1.4071797231377337,5,2,2.244515754228721,False,True
0,2,0,-0.3077727142009623,1,2,1.8424993493362036,False,False
0,3,0,-1.4071797231377337,4,1,1.6995707609406288,False,True
0,3,0,-0.9074492645301103,0,0,-0.5305821518339475,False,True
0,3,0,-1.0073953562516351,0,0,-0.710026777006803,False,True
1,1,0,0.2919038361281857,1,0,3.0076276339111794,False,True
1,3,1,-2.4066406403529803,0,1,-0.2853361270556018,False,False
1,3,0,-0.007934439036388284,0,0,2.9695324844323783,False,True
0,3,0,-0.3077727142009623,0,0,-0.7531539315536095,False,False
0,2,0,2.390771762280204,0,0,-0.27904234293901287,False,True
0,3,0,1.5912030285080065,0,0,-0.6908205354409335,False,True
1,3,1,-0.007934439036388284,0,0,-0.7147490039850359,True,False
0,3,0,1.3913108450649572,0,0,-0.7210427881016249,False,True
1,1,0,0.6916882030142845,0,0,0.6871252968074663,False,True
0,3,1,-1.0073953562516351,0,1,-0.20694715921693344,False,False
0,3,0,-0.3077727142009623,0,0,-0.7141143366791615,True,False
0,3,0,-0.20782662247943764,1,0,-0.705614328118342,False,True
0,2,0,1.091472569900383,0,0,0.6654030527075941,False,True
1,2,1,1.6911491202295312,0,0,-0.27904234293901287,False,True
1,1,0,1.3913108450649572,0,0,0.6871252968074663,False,True
1,3,0,-0.007934439036388284,1,1,-0.1471373212014252,False,False
1,1,1,-0.407718805922487,0,0,2.4412777301761523,False,False
0,1,0,-0.007934439036388284,0,0,0.7069586501160449,False,True
1,1,0,1.9909873953941053,1,0,2.6298494756525366,False,True
0,3,0,0.09201165268513639,0,0,-0.582526648594511,False,True
0,2,0,2.390771762280204,0,0,-0.3168201587648771,False,True
0,3,0,-0.9074492645301103,0,0,-0.7210427881016249,False,True
1,2,1,-0.10788053075791296,0,0,-0.5057092378941985,False,True
0,3,0,-0.007934439036388284,0,0,-0.12793107963555572,True,False
0,3,0,0.4917960195712351,0,0,-0.7115983341451588,False,True
1,2,1,-2.206748456909931,0,1,1.194292474269694,False,True
0,3,0,-1.1073414479731598,1,0,-0.7660588334397248,False,True
0,2,0,0.5917421112927598,0,0,-0.3168201587648771,False,True
0,2,0,2.1908795788371545,0,0,-0.3168201587648771,False,True
1,1,0,-0.10788053075791296,1,0,2.712960670469438,False,True
0,3,0,-0.8075031728085856,0,0,-0.6445427110542498,False,True
1,2,1,0.19195774440666105,3,0,0.28762489444895134,False,True
1,3,1,-0.007934439036388284,0,0,-0.7144316703320986,True,False
0,2,0,-0.3077727142009623,1,0,0.6654030527075941,False,True
0,3,1,-0.3077727142009623,1,0,-0.7002649893973995,False,True
0,3,0,-1.7070179983023077,0,0,0.12045805941950202,False,False
0,2,0,-0.007934439036388284,0,0,-1.2990433702373483,False,True
0,2,0,-0.5076648976440117,0,0,-0.3168201587648771,False,True
0,2,0,-0.5076648976440117,0,0,-0.3168201587648771,False,True
0,3,0,0.042038606824374054,0,0,-0.08259770064451848,False,True
0,3,1,1.9909873953941053,1,3,1.2981814677908208,False,True
0,3,0,-0.007934439036388284,0,0,-0.7024712138416299,False,True
0,3,0,-0.007934439036388284,0,0,-0.7024712138416299,False,True
1,1,0,-0.007934439036388284,0,0,0.9676255793145083,False,True
0,3,0,-0.407718805922487,1,0,-0.08259770064451848,False,True
1,3,0,0.2919038361281857,0,0,-0.7002649893973995,False,True
0,3,0,-1.2072875396946843,1,1,0.23095817071015493,False,True
1,2,1,0.19195774440666105,0,0,-0.3168201587648771,False,True
0,1,0,-0.9074492645301103,1,0,2.712960670469438,False,True
0,3,0,0.2919038361281857,0,0,-0.713487224936452,True,False
1,2,1,-2.4066406403529803,1,1,0.4387361577524085,False,True
1,3,0,-2.206748456909931,0,1,-0.3564868653820346,False,True
0,3,0,0.4917960195712351,0,0,-0.581264869545927,False,True
0,3,0,-0.5076648976440117,0,0,-0.7024712138416299,False,True
0,3,0,-0.007934439036388284,0,0,-0.710026777006803,False,True
0,2,0,-1.0073953562516351,0,0,-0.43015360624246995,False,True
0,3,0,0.5917421112927598,0,0,-0.6908205354409335,False,True
0,3,0,-0.007934439036388284,0,0,-0.2034867112872843,False,True
0,3,0,1.2913647533434325,0,0,-0.7607094947187824,False,True
1,3,0,-0.8075031728085856,0,0,-0.7528365979006724,False,False
0,3,0,-1.2072875396946843,0,0,-0.7115983341451588,False,True
0,1,0,-0.007934439036388284,0,0,1.6929596431711027,False,False
0,3,1,0.2419307902674234,0,0,-0.713487224936452,True,False
0,3,0,-0.007934439036388284,1,0,0.5256251341518962,True,False
0,3,0,0.3918499278497104,0,0,-0.6672094005497683,False,True
0,3,0,-0.407718805922487,0,0,-0.581264869545927,False,True
0,3,0,1.9909873953941053,0,0,-0.705614328118342,False,True
0,3,0,-0.007934439036388284,0,0,-0.7531539315536095,False,False
1,2,1,2.590663945723253,1,3,0.4387361577524085,False,True
0,3,0,-1.0073953562516351,0,0,-0.713487224936452,False,True
0,3,0,-0.007934439036388284,0,0,-0.713487224936452,True,False
1,3,1,-2.3066945486314556,0,0,-0.3564868653820346,False,True
0,3,0,-0.007934439036388284,0,0,-0.7144316703320986,True,False
1,3,1,-1.5071258148592583,0,0,-0.7528365979006724,False,False
1,1,1,-1.1073414479731598,1,0,3.0076276339111794,False,True
0,1,0,0.09201165268513639,0,0,0.9676255793145083,False,True
0,3,0,-0.007934439036388284,1,2,0.4727361919956863,False,True
0,3,0,-0.3077727142009623,0,0,-0.766376167092662,False,True
0,3,0,-0.3077727142009623,0,0,-0.7512650407623164,False,True
1,3,1,-1.0073953562516351,0,0,-0.7326934665023215,False,True
0,3,0,-2.0068562734668816,4,1,0.9015144016192459,True,False
0,3,0,-0.007934439036388284,0,0,-0.713487224936452,True,False
0,2,0,-1.2072875396946843,0,0,0.6654030527075941,False,True
0,1,0,-0.007934439036388284,0,0,1.020197187817781,False,False
0,3,0,-0.3077727142009623,0,0,-0.7024712138416299,False,True
0,2,0,1.091472569900383,0,0,-0.3168201587648771,False,True
1,1,1,2.0909334871156298,0,0,0.6600537139866519,False,True
1,3,1,0.2919038361281857,0,0,-0.6429711539158939,False,True
0,3,0,0.19195774440666105,0,0,-0.7528365979006724,False,False
0,3,1,0.19195774440666105,1,1,0.5256251341518962,False,True
0,2,0,0.5917421112927598,0,0,-0.3168201587648771,False,True
1,2,1,0.2919038361281857,1,1,0.6842919606205263,False,True
1,3,0,-0.10788053075791296,0,0,-0.7720428394665417,False,True
0,3,0,0.2919038361281857,0,0,-0.7115983341451588,False,True
0,1,0,1.091472569900383,0,0,-1.2990433702373483,False,True
0,3,1,-1.0073953562516351,0,0,-0.7115983341451588,False,True
0,2,0,1.091472569900383,0,0,-0.3168201587648771,False,True
1,1,1,0.4917960195712351,1,0,2.712960670469438,False,True
0,3,0,-0.20782662247943764,0,0,-0.7030983255843394,False,True
0,3,0,1.091472569900383,0,0,0.5256251341518962,False,True
0,2,0,0.6916882030142845,0,0,-0.5057092378941985,False,True
0,3,1,-2.206748456909931,4,2,1.063959009670462,False,True
0,3,0,0.2419307902674234,0,0,-0.6908205354409335,False,True
0,1,0,-0.007934439036388284,0,0,-1.2990433702373483,False,True
0,3,1,-0.5076648976440117,0,0,-0.7002649893973995,False,True
0,2,0,0.2919038361281857,1,1,1.4968323345295453,False,False
0,3,0,1.4912569367864819,0,0,-0.8117095460836993,False,True
0,3,0,-1.8069640900238324,3,2,0.8089587528458783,False,True
1,3,0,-0.10788053075791296,0,0,-0.6445427110542498,False,True
0,1,0,0.9915264781788584,0,0,-1.2990433702373483,False,True
1,3,1,-0.10788053075791296,0,1,-0.3564868653820346,False,True
0,3,0,-0.007934439036388284,0,0,-0.7739317302578349,True,False
0,3,0,-0.007934439036388284,0,0,2.9695324844323783,False,True
1,3,0,-0.007934439036388284,0,0,-0.713487224936452,True,False
1,3,1,-1.307233631416209,1,0,-0.20694715921693344,False,False
0,3,0,-0.007934439036388284,0,0,-0.7528365979006724,False,False
0,3,0,-0.5076648976440117,0,0,-0.705614328118342,False,True
0,3,0,-1.0073953562516351,0,0,-0.6719316275280013,False,True
0,3,0,-0.7075570810870611,0,0,-0.6445427110542498,False,True
0,3,0,-0.007934439036388284,0,0,-0.6908205354409335,False,True
1,3,0,0.3918499278497104,0,0,2.9695324844323783,False,True
1,1,0,-0.007934439036388284,0,0,0.9449588898189898,False,False
0,3,0,-0.8075031728085856,0,0,-0.7002649893973995,False,True
0,2,0,-1.2072875396946843,0,0,-0.5057092378941985,False,True
1,1,1,0.19195774440666105,0,0,1.0431812109662368,False,False
0,3,0,0.6417151571535221,0,0,-0.8126539914793458,False,False
0,3,0,-1.1073414479731598,0,0,-0.6445427110542498,False,True
0,3,0,1.3913108450649572,0,0,-0.7285983512667977,False,True
0,3,0,0.6916882030142845,0,0,-0.7024712138416299,False,False
0,2,0,-0.007934439036388284,0,1,1.194292474269694,False,True
0,3,0,-2.4066406403529803,4,2,1.063959009670462,False,True
0,3,1,-1.906910181745357,1,1,-0.1471373212014252,False,False
1,1,1,-1.2072875396946843,0,1,1.6778485168407566,False,True
0,2,1,1.5912030285080065,1,0,0.6654030527075941,False,True
1,3,1,-1.0073953562516351,0,1,-0.5925982142936864,False,True
1,1,0,2.290825670558679,0,0,0.7069586501160449,False,True
1,3,1,-0.407718805922487,0,3,0.1560296508011356,False,False
0,3,0,-0.007934439036388284,0,0,-0.7528365979006724,False,False
0,3,0,1.2913647533434325,2,0,-0.23308185220526637,False,True
0,2,0,-0.7075570810870611,1,0,-0.43015360624246995,False,True
1,1,1,1.9909873953941053,0,0,0.6600537139866519,False,True
0,2,0,-0.407718805922487,0,0,-0.3168201587648771,False,True
1,2,1,1.3913108450649572,0,0,-0.3168201587648771,False,True
1,2,1,-0.10788053075791296,1,0,-0.2519707601181985,False,False
0,1,0,0.2919038361281857,0,0,2.5161986945220067,False,True
0,3,0,-0.007934439036388284,0,0,-0.581264869545927,False,True
1,3,0,-2.4066406403529803,1,1,-0.4578598563691588,False,True
0,3,0,-0.20782662247943764,0,0,-0.7024712138416299,False,True
1,1,1,1.8910413036725806,1,1,2.6717224067139247,False,True
0,1,0,0.4917960195712351,0,0,-0.9212652119787056,False,True
0,3,0,1.8910413036725806,0,0,-0.6190426853717913,False,True
1,2,1,-0.007934439036388284,1,0,0.514291789404137,False,False
1,3,1,-1.307233631416209,0,0,-0.7531539315536095,False,False
0,3,0,-0.8075031728085856,0,0,-0.5551377321207593,False,True
0,3,0,-0.9074492645301103,0,0,-0.7024712138416299,False,True
0,3,0,-0.007934439036388284,0,0,-0.7024712138416299,False,True
1,2,1,-0.3077727142009623,0,1,0.6654030527075941,False,True
0,3,0,0.4917960195712351,0,0,-0.7024712138416299,False,True
0,3,1,-0.6076109893655364,0,0,-0.5044474588456146,False,True
0,2,0,-0.007934439036388284,0,0,-0.5057092378941985,False,True
0,3,0,-0.3077727142009623,0,0,-0.766376167092662,False,True
0,3,1,1.091472569900383,0,5,0.9015144016192459,True,False
0,2,0,-0.10788053075791296,0,0,-0.3168201587648771,False,True
1,1,1,-0.9074492645301103,0,0,0.9676255793145083,False,True
0,3,1,-0.007934439036388284,1,2,0.4727361919956863,False,True
1,1,0,-0.20782662247943764,0,0,0.9676255793145083,False,False
0,3,0,0.3918499278497104,0,0,-0.713487224936452,True,False
